{
  "loss_total": 1.3643918291469012e-08,
  "loss_rho": 2.8469713993691434e-09,
  "loss_spectral": 4.9744624419645334e-08,
  "loss_energy": 0.0002422084022934238,
  "loss_leakage": 0.82667609055837,
  "loss_residual": 1.6960438979178132e-08,
  "loss_selection_entropy": 0.0,
  "loss_selection_coverage": 0.0,
  "density_rel_l2": 0.19385048051675158,
  "lowfreq_spectral_rel_l2": 0.19016905029614764,
  "lowpass_energy_rel_l2": 0.015566543055077394,
  "commutator_leakage": 0.82667609055837,
  "leakage_error_correlation": 0.9977674723388607,
  "latent_step_norm": NaN,
  "selection_entropy": NaN,
  "selection_coverage_deficit": NaN,
  "residual_lowfreq_norm": 1.6960438979178132e-08,
  "residual_gate_mean": 1.0,
  "density_rel_l2_curve": [
    0.14185228447119394,
    0.21568008263905844,
    0.20236188173294067,
    0.20650466779867807,
    0.2028534859418869
  ],
  "lowfreq_spectral_rel_l2_curve": [
    0.13785851995150247,
    0.20960985124111176,
    0.20057523747285208,
    0.20291165510813394,
    0.19988998770713806
  ],
  "runtime_seconds": 1.3196943929651752,
  "parameter_count": 2279395,
  "method": "shadowfluid_residual",
  "split_column": "split_ood_structure",
  "split_values": [
    "test"
  ],
  "config_path": "code/configs/shadowfluid_residual_densityfirst_k3_exp64_pilot.yaml",
  "output_dir": "/home/adurey/QuantumComputing/NIPS/2026_ShadowFluid/code/results/bench_exp64_pilot/shadowfluid_residual_densityfirst_k3_exp64_pilot_multiseed/seed_20260515"
}