{
  "density_rel_l2_curve": [
    0.1660601645708084,
    0.2717675268650055,
    0.31397028267383575,
    0.3437526822090149,
    0.35803012549877167
  ],
  "lowfreq_spectral_rel_l2_curve": [
    0.13488102704286575,
    0.25183694064617157,
    0.30086471140384674,
    0.3314387798309326,
    0.3471239060163498
  ]
}