{
  "density_rel_l2_curve": [
    0.13564801216125488,
    0.2356339693069458,
    0.24297257512807846,
    0.22705211490392685,
    0.20031945407390594
  ],
  "lowfreq_spectral_rel_l2_curve": [
    0.13135136291384697,
    0.2297128662467003,
    0.24100393056869507,
    0.22392649203538895,
    0.1975785344839096
  ]
}