{
  "density_rel_l2_curve": [
    0.1180022656917572,
    0.1716102659702301,
    0.15249760448932648,
    0.1474817395210266,
    0.14900583028793335
  ],
  "lowfreq_spectral_rel_l2_curve": [
    0.11391443014144897,
    0.16484767198562622,
    0.15140026807785034,
    0.14483073353767395,
    0.14662110805511475
  ]
}