{
  "loss_total": 1.095448729257795e-08,
  "loss_rho": 2.274919314654906e-09,
  "loss_spectral": 3.968529761601126e-08,
  "loss_energy": 0.00024337100330740213,
  "loss_leakage": 0.6920502450731065,
  "loss_residual": 1.4850166528567065e-08,
  "loss_selection_entropy": 0.0,
  "loss_selection_coverage": 0.0,
  "density_rel_l2": 0.17265237636036343,
  "lowfreq_spectral_rel_l2": 0.16917632122834522,
  "lowpass_energy_rel_l2": 0.015603239958484968,
  "commutator_leakage": 0.6920502450731065,
  "leakage_error_correlation": NaN,
  "latent_step_norm": NaN,
  "selection_entropy": NaN,
  "selection_coverage_deficit": NaN,
  "residual_lowfreq_norm": 1.4850166528567065e-08,
  "residual_gate_mean": 1.0,
  "density_rel_l2_curve": [
    0.13139942619535658,
    0.19473174711068472,
    0.17801151176293692,
    0.1810370551215278,
    0.17808214161131117
  ],
  "lowfreq_spectral_rel_l2_curve": [
    0.12732715076870388,
    0.18818030754725137,
    0.17666411896546683,
    0.17813722623719108,
    0.175572802623113
  ],
  "runtime_seconds": 5.167685532011092,
  "parameter_count": 2279395,
  "method": "shadowfluid_residual",
  "split_column": "split_ood_alpha",
  "split_values": [
    "test"
  ],
  "config_path": "code/configs/shadowfluid_residual_densityfirst_k3_exp64_pilot.yaml",
  "output_dir": "/home/adurey/QuantumComputing/NIPS/2026_ShadowFluid/code/results/bench_exp64_pilot/shadowfluid_residual_densityfirst_k3"
}