{
  "loss_total": 1.8311765930750173e-08,
  "loss_rho": 3.6448281183333444e-09,
  "loss_spectral": 6.483341902847113e-08,
  "loss_energy": 0.003129187246991528,
  "loss_leakage": 0.7480600277582804,
  "loss_residual": 3.400508240424137e-08,
  "loss_selection_entropy": 0.0,
  "loss_selection_coverage": 0.0,
  "density_rel_l2": 0.2133169455660714,
  "lowfreq_spectral_rel_l2": 0.21119284994072385,
  "lowpass_energy_rel_l2": 0.055948724763260946,
  "commutator_leakage": 0.7480600277582804,
  "leakage_error_correlation": NaN,
  "latent_step_norm": NaN,
  "selection_entropy": NaN,
  "selection_coverage_deficit": NaN,
  "residual_lowfreq_norm": 3.400508240424137e-08,
  "residual_gate_mean": 1.0,
  "density_rel_l2_curve": [
    0.14938277502854666,
    0.21473445494969687,
    0.21460944414138794,
    0.23702668812539843,
    0.25083136558532715
  ],
  "lowfreq_spectral_rel_l2_curve": [
    0.14554864996009403,
    0.20934220486217076,
    0.21462316645516288,
    0.23622062471177843,
    0.2502296037144131
  ],
  "runtime_seconds": 2.412301335018128,
  "parameter_count": 2279395,
  "method": "shadowfluid_residual",
  "split_column": "split_ood_alpha",
  "split_values": [
    "test"
  ],
  "config_path": "code/configs/shadowfluid_residual_densityfirst_k2_exp64_pilot.yaml",
  "output_dir": "/home/adurey/QuantumComputing/NIPS/2026_ShadowFluid/code/results/bench_exp64_pilot/shadowfluid_residual_densityfirst_k2_exp64_pilot_multiseed/seed_20260515"
}