section,nx,N,seed,K0,t,J,alpha_total,alpha_each,R_hops,M_K,R_size,reduced_size,err_rho_vs_full,err_rho_lp_vs_full,extra_shadow_err,err_E_LP,err_Z_frob,leakage_apriori,bound_apriori,V_label
dense_hops_fixed_alpha_each,5,32,0,5.0,0.5,8,0.8,0.1,1,81,17,1377,0.02979390968998659,0.029798105508093156,-4.195818106567106e-06,8.116160163895095e-07,0.005720391148225884,0.1617577736680619,0.08087888683403095,"V=0.1cos(1,0)+0.1cos(0,1)+0.1cos(1,1)+0.1cos(1,-1)+0.1cos(2,0)+0.1cos(0,2)+0.1cos(2,1)+0.1cos(1,2)"
dense_hops_fixed_alpha_each,5,32,0,5.0,0.5,8,0.8,0.1,2,81,55,4455,0.02979390968998659,0.029798105508093156,-4.195818106567106e-06,8.116160163895095e-07,0.003968165513758626,0.13608276348795434,0.06804138174397717,"V=0.1cos(1,0)+0.1cos(0,1)+0.1cos(1,1)+0.1cos(1,-1)+0.1cos(2,0)+0.1cos(0,2)+0.1cos(2,1)+0.1cos(1,2)"
dense_hops_fixed_alpha_each,5,32,0,5.0,0.5,8,0.8,0.1,3,81,115,9315,0.02979390968998659,0.029798105508093156,-4.195818106567106e-06,8.116160163895095e-07,0.0007781129574305498,0.12439871485529486,0.06219935742764743,"V=0.1cos(1,0)+0.1cos(0,1)+0.1cos(1,1)+0.1cos(1,-1)+0.1cos(2,0)+0.1cos(0,2)+0.1cos(2,1)+0.1cos(1,2)"
