{
  "density_rel_l2_curve": [
    0.22071391344070435,
    0.2933749556541443,
    0.30382758378982544,
    0.3067303001880646,
    0.29538434743881226
  ],
  "lowfreq_spectral_rel_l2_curve": [
    0.2172032743692398,
    0.28897127509117126,
    0.3032064735889435,
    0.3064049184322357,
    0.2961348295211792
  ]
}