{
  "loss_total": 3.5929074234294e-08,
  "loss_rho": 7.845087986642815e-09,
  "loss_spectral": 1.4041993049810722e-07,
  "loss_energy": 0.00312501626710097,
  "loss_leakage": 0.878795305887858,
  "loss_residual": 0.0,
  "loss_selection_entropy": 0.0,
  "loss_selection_coverage": 0.0,
  "density_rel_l2": 0.3288273006677628,
  "lowfreq_spectral_rel_l2": 0.32687143484751385,
  "lowpass_energy_rel_l2": 0.05591351414720217,
  "commutator_leakage": 0.878795305887858,
  "leakage_error_correlation": 0.999543653956381,
  "latent_step_norm": NaN,
  "selection_entropy": NaN,
  "selection_coverage_deficit": NaN,
  "residual_lowfreq_norm": 0.0,
  "residual_gate_mean": 1.0,
  "density_rel_l2_curve": [
    0.23549414177735647,
    0.3314594328403473,
    0.35248565673828125,
    0.368171364068985,
    0.3565259079138438
  ],
  "lowfreq_spectral_rel_l2_curve": [
    0.23188044627507529,
    0.3271990120410919,
    0.3515479664007823,
    0.36713675657908124,
    0.3565929929415385
  ],
  "runtime_seconds": 3.9524768269620836,
  "parameter_count": 2279395,
  "method": "shadowfluid_residual",
  "split_column": "split_ood_structure",
  "split_values": [
    "test"
  ],
  "config_path": "code/configs/shadowfluid_basek2_exp64_pilot.yaml",
  "output_dir": "/home/adurey/QuantumComputing/NIPS/2026_ShadowFluid/code/results/bench_exp64_pilot/shadowfluid_basek2"
}