{
  "density_rel_l2_curve": [
    0.0997096337378025,
    0.159392349421978,
    0.12386725097894669,
    0.10815095901489258,
    0.11513122171163559
  ],
  "lowfreq_spectral_rel_l2_curve": [
    0.09371338039636612,
    0.14940310642123222,
    0.11878030002117157,
    0.10039741918444633,
    0.10933772101998329
  ]
}