{
  "density_rel_l2_curve": [
    0.12625135481357574,
    0.22223392128944397,
    0.2222558856010437,
    0.21162688732147217,
    0.18547549843788147
  ],
  "lowfreq_spectral_rel_l2_curve": [
    0.12335339188575745,
    0.21759402751922607,
    0.22163516283035278,
    0.20981964468955994,
    0.1838540881872177
  ]
}