{
  "loss_total": 2.0120121864882396e-08,
  "loss_rho": 4.425168379877202e-09,
  "loss_spectral": 7.84747626880744e-08,
  "loss_energy": 0.0002422084022934238,
  "loss_leakage": 0.82667609055837,
  "loss_residual": 0.0,
  "loss_selection_entropy": 0.0,
  "loss_selection_coverage": 0.0,
  "density_rel_l2": 0.24281080861886342,
  "lowfreq_spectral_rel_l2": 0.24016195635000862,
  "lowpass_energy_rel_l2": 0.015566543055077394,
  "commutator_leakage": 0.82667609055837,
  "leakage_error_correlation": 0.9991358930365193,
  "latent_step_norm": NaN,
  "selection_entropy": NaN,
  "selection_coverage_deficit": NaN,
  "residual_lowfreq_norm": 0.0,
  "residual_gate_mean": 1.0,
  "density_rel_l2_curve": [
    0.15187867482503256,
    0.2709024449189504,
    0.27633639176686603,
    0.2728322545687358,
    0.24210427701473236
  ],
  "lowfreq_spectral_rel_l2_curve": [
    0.14893757303555807,
    0.26656554142634076,
    0.2751769224802653,
    0.27024078369140625,
    0.23988896111647287
  ],
  "runtime_seconds": 4.025789423962124,
  "parameter_count": 2279395,
  "method": "shadowfluid_residual",
  "split_column": "split_ood_structure",
  "split_values": [
    "test"
  ],
  "config_path": "code/configs/shadowfluid_basek3_exp64_pilot.yaml",
  "output_dir": "/home/adurey/QuantumComputing/NIPS/2026_ShadowFluid/code/results/bench_exp64_pilot/shadowfluid_basek3"
}