{
  "density_rel_l2_curve": [
    0.0973585918545723,
    0.1561467945575714,
    0.12086623534560204,
    0.10757874324917793,
    0.11482087150216103
  ],
  "lowfreq_spectral_rel_l2_curve": [
    0.09121067821979523,
    0.14596547186374664,
    0.1156734898686409,
    0.0997161827981472,
    0.10890750586986542
  ]
}