{
  "density_rel_l2_curve": [
    0.14030981063842773,
    0.20536798238754272,
    0.2061392366886139,
    0.21808430552482605,
    0.22925081849098206
  ],
  "lowfreq_spectral_rel_l2_curve": [
    0.137046217918396,
    0.20063680410385132,
    0.20706883072853088,
    0.21841202676296234,
    0.229518860578537
  ]
}