strategy,num_samples,mean_objective,mean_oracle_gap,mean_err_rho_vs_full,mean_leakage,exact_match_rate
coupling_greedy,4,0.15027974936849148,0.0,0.08476444924606441,0.6551530012242708,1.0
learned,4,0.15027974936849148,0.0,0.08476444924606441,0.6551530012242708,1.0
low_energy,4,0.15058500097365582,0.00030525160516433475,0.08476444924606441,0.658205517275914,0.75
oracle,4,0.15027974936849148,0.0,0.08476444924606441,0.6551530012242708,1.0
random,4,0.15226590046027824,0.0019861510917867573,0.08476444924606441,0.6750145121421383,0.0
