{
  "density_rel_l2_curve": [
    0.01587783731520176,
    0.01604823861271143,
    0.01777666574344039,
    0.02004221547394991,
    0.01788749359548092
  ],
  "lowfreq_spectral_rel_l2_curve": [
    0.008829442784190178,
    0.005381586728617549,
    0.005193240591324866,
    0.0062627168372273445,
    0.006386462599039078
  ]
}