{
  "loss_total": 1.1942584359820269e-07,
  "loss_rho": 6.314075608488014e-08,
  "loss_spectral": 2.768841907805891e-07,
  "loss_energy": 0.0002454500213251308,
  "loss_leakage": 0.8189286318692294,
  "loss_residual": 1.8165019680357632e-08,
  "loss_selection_entropy": 0.0,
  "loss_selection_coverage": 0.0,
  "density_rel_l2": 0.22408226231733958,
  "lowfreq_spectral_rel_l2": 0.22069643943598777,
  "lowpass_energy_rel_l2": 0.01562104272571477,
  "commutator_leakage": 0.8189286318692294,
  "leakage_error_correlation": NaN,
  "latent_step_norm": NaN,
  "selection_entropy": NaN,
  "selection_coverage_deficit": NaN,
  "residual_lowfreq_norm": 1.8165019680357632e-08,
  "residual_gate_mean": 0.663669643980084,
  "density_rel_l2_curve": [
    0.132451593875885,
    0.24629790313316113,
    0.2664886839462049,
    0.253313245195331,
    0.22185988543611584
  ],
  "lowfreq_spectral_rel_l2_curve": [
    0.12872406524239163,
    0.24065111261425595,
    0.2643745884750829,
    0.2503304662126483,
    0.21940196463556
  ],
  "runtime_seconds": 2.9927217380027287,
  "parameter_count": 706531,
  "method": "shadowfluid_residual",
  "split_column": "split_ood_alpha",
  "split_values": [
    "test"
  ],
  "config_path": "code/configs/shadowfluid_residual_densityfirst_leakgate_k3_short_exp32.yaml",
  "output_dir": "/home/adurey/QuantumComputing/NIPS/2026_ShadowFluid/code/results/bench_exp32/shadowfluid_residual_densityfirst_leakgate_k3_short_multiseed/seed_20260515"
}