{
  "density_rel_l2_curve": [
    0.16609922796487808,
    0.2719832807779312,
    0.31476640701293945,
    0.34449467062950134,
    0.3587288409471512
  ],
  "lowfreq_spectral_rel_l2_curve": [
    0.1344633772969246,
    0.25209692120552063,
    0.3013927787542343,
    0.3320683538913727,
    0.34748727083206177
  ]
}