{
  "loss_total": 1.4574942260499787e-07,
  "loss_rho": 7.70963387945282e-08,
  "loss_spectral": 3.3733718870128843e-07,
  "loss_energy": 0.00024442380769566324,
  "loss_leakage": 0.967477411031723,
  "loss_residual": 2.3712894462827688e-08,
  "loss_selection_entropy": 0.0,
  "loss_selection_coverage": 0.0,
  "density_rel_l2": 0.2459126686056455,
  "lowfreq_spectral_rel_l2": 0.24187015816569332,
  "lowpass_energy_rel_l2": 0.01558886282145977,
  "commutator_leakage": 0.967477411031723,
  "leakage_error_correlation": -0.28241849993188445,
  "latent_step_norm": NaN,
  "selection_entropy": NaN,
  "selection_coverage_deficit": NaN,
  "residual_lowfreq_norm": 2.3712894462827688e-08,
  "residual_gate_mean": 1.0,
  "density_rel_l2_curve": [
    0.13937648137410483,
    0.26752778391043347,
    0.2969171355168025,
    0.2796871488293012,
    0.24605479339758554
  ],
  "lowfreq_spectral_rel_l2_curve": [
    0.13533418253064156,
    0.2614930023749669,
    0.2938828145464261,
    0.2758118733763695,
    0.24282891800006232
  ],
  "runtime_seconds": 0.9211310701211914,
  "parameter_count": 706531,
  "method": "shadowfluid_residual",
  "split_column": "split_ood_structure",
  "split_values": [
    "test"
  ],
  "config_path": "code/configs/shadowfluid_residual_densityfirst_k3_short_exp32.yaml",
  "output_dir": "/home/adurey/QuantumComputing/NIPS/2026_ShadowFluid/code/results/bench_exp32/shadowfluid_residual_densityfirst_k3_short_multiseed/seed_20260525"
}