section,nx,N,seed,K0,t,J,alpha_total,alpha_each,R_hops,M_K,R_size,reduced_size,err_rho_vs_full,err_rho_lp_vs_full,extra_shadow_err,err_E_LP,err_Z_frob,leakage_apriori,bound_apriori,V_label
fixed_alpha_each,5,32,0,5.0,0.5,1,0.1,0.1,1,81,3,243,0.029582144980419767,0.029670099861412436,-8.79548809926689e-05,1.2989520452117073e-05,0.00154214574952966,0.048432210483785265,0.024216105241892633,"V=0.1cos(1,0)"
fixed_alpha_each,5,32,0,5.0,0.5,2,0.2,0.1,1,81,5,405,0.029409667134589222,0.029584732275862568,-0.00017506514127334574,2.590641453583539e-05,0.009766294906769576,0.08577892918052793,0.042889464590263965,"V=0.1cos(1,0)+0.1cos(0,1)"
fixed_alpha_each,5,32,0,5.0,0.5,4,0.4,0.1,1,81,9,729,0.030007491000539233,0.029877201114075498,0.00013028988646373446,1.0247581182180708e-06,0.0015184201503753187,0.10999438818457406,0.05499719409228703,"V=0.1cos(1,0)+0.1cos(0,1)+0.1cos(1,1)+0.1cos(1,-1)"
fixed_alpha_each,5,32,0,5.0,0.5,6,0.6000000000000001,0.1,1,81,13,1053,0.030498349379058595,0.0304170919580412,8.12574210173958e-05,2.3365656752036188e-05,0.007334496811676501,0.1397324808046893,0.06986624040234465,"V=0.1cos(1,0)+0.1cos(0,1)+0.1cos(1,1)+0.1cos(1,-1)+0.1cos(2,0)+0.1cos(0,2)"
fixed_alpha_each,5,32,0,5.0,0.5,8,0.8,0.1,1,81,17,1377,0.02979390968998659,0.029798105508093156,-4.195818106567106e-06,8.116160163895095e-07,0.005720391148225884,0.1617577736680619,0.08087888683403095,"V=0.1cos(1,0)+0.1cos(0,1)+0.1cos(1,1)+0.1cos(1,-1)+0.1cos(2,0)+0.1cos(0,2)+0.1cos(2,1)+0.1cos(1,2)"
