strategy,num_samples,mean_objective,mean_oracle_gap,mean_err_rho_vs_full,mean_leakage,exact_match_rate
coupling_greedy,4,0.19287744814979402,0.0013265403445993987,0.09576573951677286,0.9711170863302115,0.5
learned,4,0.19219950399981983,0.0006485961946252131,0.09576573951677286,0.9643376448304698,0.5
low_energy,4,0.19464415245930286,0.003093244654108221,0.09576573951677286,0.9887841294252999,0.25
oracle,4,0.19155090780519463,0.0,0.09576573951677286,0.9578516828842176,1.0
random,4,0.19547555957244483,0.003924651767250216,0.09576573951677286,0.9970982005567197,0.0
