{
  "density_rel_l2_curve": [
    0.12675483152270317,
    0.2689271420240402,
    0.3164903223514557,
    0.3482128828763962,
    0.3558799773454666
  ],
  "lowfreq_spectral_rel_l2_curve": [
    0.12197539582848549,
    0.26372580230236053,
    0.3149287551641464,
    0.34628933668136597,
    0.35422712564468384
  ]
}