{
  "density_rel_l2_curve": [
    0.13616158440709114,
    0.25183525681495667,
    0.2651078328490257,
    0.24745741486549377,
    0.2120090126991272
  ],
  "lowfreq_spectral_rel_l2_curve": [
    0.13261903822422028,
    0.24671697616577148,
    0.26352594047784805,
    0.2447667047381401,
    0.2099134922027588
  ]
}