{
  "loss_total": 2.207286918360985e-07,
  "loss_rho": 1.1473427611352952e-07,
  "loss_spectral": 5.120554715865706e-07,
  "loss_energy": 0.0031576081969295487,
  "loss_leakage": 0.8921279762730454,
  "loss_residual": 7.166635339045212e-08,
  "loss_selection_entropy": 0.0,
  "loss_selection_coverage": 0.0,
  "density_rel_l2": 0.29038021898630895,
  "lowfreq_spectral_rel_l2": 0.2882616944385298,
  "lowpass_energy_rel_l2": 0.05596704600435315,
  "commutator_leakage": 0.8921279762730454,
  "leakage_error_correlation": NaN,
  "latent_step_norm": NaN,
  "selection_entropy": NaN,
  "selection_coverage_deficit": NaN,
  "residual_lowfreq_norm": 7.166635339045212e-08,
  "residual_gate_mean": 1.0,
  "density_rel_l2_curve": [
    0.16496417061849075,
    0.2821879567521991,
    0.3288626399907199,
    0.342872010939049,
    0.33301431663108594
  ],
  "lowfreq_spectral_rel_l2_curve": [
    0.16158386432763303,
    0.2775614487402367,
    0.32785528536998865,
    0.34179421085299866,
    0.3325136629017917
  ],
  "runtime_seconds": 2.500156057998538,
  "parameter_count": 706531,
  "method": "shadowfluid_residual",
  "split_column": "split_ood_alpha",
  "split_values": [
    "test"
  ],
  "config_path": "code/configs/shadowfluid_residual_densityfirst_k2_short_exp32.yaml",
  "output_dir": "/home/adurey/QuantumComputing/NIPS/2026_ShadowFluid/code/results/bench_exp32/shadowfluid_residual_densityfirst_k2_short_multiseed/seed_20260505"
}