{
  "density_rel_l2_curve": [
    0.1350138932466507,
    0.23772303760051727,
    0.2471846267580986,
    0.23230520635843277,
    0.20391031354665756
  ],
  "lowfreq_spectral_rel_l2_curve": [
    0.1310480497777462,
    0.23217875510454178,
    0.24540963768959045,
    0.2293347343802452,
    0.20145031809806824
  ]
}