{
  "density_rel_l2_curve": [
    0.12996921688318253,
    0.27112580835819244,
    0.3262680917978287,
    0.36422671377658844,
    0.3688367158174515
  ],
  "lowfreq_spectral_rel_l2_curve": [
    0.12544701248407364,
    0.26587145030498505,
    0.324789896607399,
    0.3624270111322403,
    0.3674268573522568
  ]
}