{
  "density_rel_l2_curve": [
    0.17744829505681992,
    0.2104380875825882,
    0.18200522661209106,
    0.16986651718616486,
    0.17305468767881393
  ],
  "lowfreq_spectral_rel_l2_curve": [
    0.23138508200645447,
    0.24941577017307281,
    0.22744563221931458,
    0.2151983454823494,
    0.21798335760831833
  ]
}