method,0.05
NE24_v1,0.226381
NE24_v2,0.229908
QA-Google_v1,0.107273
QA-Google_v2,0.135478
QE-IBM_v1,0.153146
QE-IBM_v2,0.169142
MAQCal,0.148245
