method,0.05
NE24_v1,0.231098
NE24_v2,0.234558
QA-Google_v1,0.109338
QA-Google_v2,0.138183
QE-IBM_v1,0.15606
QE-IBM_v2,0.17241
MAQCal,0.151207
