method,0.05
NE24_v1,0.045095
NE24_v2,0.048034
QA-Google_v1,0.024426
QA-Google_v2,0.031655
QE-IBM_v1,0.037154
QE-IBM_v2,0.038567
MAQCal,0.037775
