method,0.05
NE24_v1,0.038154
NE24_v2,0.041172
QA-Google_v1,0.019493
QA-Google_v2,0.025763
QE-IBM_v1,0.02949
QE-IBM_v2,0.032559
MAQCal,0.031475
