method,0.05
NE24_v1,9.93908
NE24_v2,9.544576
QA-Google_v1,10.271782
QA-Google_v2,10.873877
QE-IBM_v1,8.521023
QE-IBM_v2,8.092327
MAQCal,11.775965
