method,0.05
NE24_v1,0.041381
NE24_v2,0.04601
QA-Google_v1,0.029145
QA-Google_v2,0.023399
QE-IBM_v1,0.032531
QE-IBM_v2,0.038801
MAQCal,0.028058
