method,0.05
NE24_v1,0.192374
NE24_v2,0.22803
QA-Google_v1,0.12412
QA-Google_v2,0.106593
QE-IBM_v1,0.140228
QE-IBM_v2,0.166617
MAQCal,0.135944
