method,0.05
NE24_v1,0.034603
NE24_v2,0.040556
QA-Google_v1,0.024111
QA-Google_v2,0.019475
QE-IBM_v1,0.027925
QE-IBM_v2,0.033041
MAQCal,0.022258
