method,0.05
NE24_v1,0.196175
NE24_v2,0.232666
QA-Google_v1,0.126573
QA-Google_v2,0.108582
QE-IBM_v1,0.142837
QE-IBM_v2,0.169689
MAQCal,0.138927
