method,0.05
NE24_v1,0.038131
NE24_v2,0.043185
QA-Google_v1,0.021193
QA-Google_v2,0.025173
QE-IBM_v1,0.030596
QE-IBM_v2,0.034418
MAQCal,0.010608
