method,0.05
NE24_v1,0.045291
NE24_v2,0.049989
QA-Google_v1,0.025042
QA-Google_v2,0.029868
QE-IBM_v1,0.035176
QE-IBM_v2,0.042139
MAQCal,0.012367
