method,0.05
NE24_v1,0.231857
NE24_v2,0.250139
QA-Google_v1,0.115511
QA-Google_v2,0.132301
QE-IBM_v1,0.160918
QE-IBM_v2,0.181696
MAQCal,0.060337
