method,0.05
NE24_v1,0.227268
NE24_v2,0.245246
QA-Google_v1,0.113328
QA-Google_v2,0.129784
QE-IBM_v1,0.157989
QE-IBM_v2,0.178241
MAQCal,0.059247
