method,0.05
NE24_v1,9.56572
NE24_v2,9.614383
QA-Google_v1,10.679547
QA-Google_v2,10.139609
QE-IBM_v1,7.659239
QE-IBM_v2,7.163382
MAQCal,12.33838
